<?xml version="1.0" encoding="UTF-8"?>
<project-private xmlns="http://www.netbeans.org/ns/project-private/1">
    <editor-bookmarks xmlns="http://www.netbeans.org/ns/editor-bookmarks/2" lastBookmarkId="0"/>
    <open-files xmlns="http://www.netbeans.org/ns/projectui-open-files/2">
        <group>
            <file>file:/C:/xampp/htdocs/ProgTWebLara/resources/views/layouts/_navpublic.blade.php</file>
            <file>file:/C:/xampp/htdocs/ProgTWebLara/resources/views/layouts/public.blade.php</file>
            <file>file:/C:/xampp/htdocs/ProgTWebLara/public/css/style.css</file>
            <file>file:/C:/xampp/htdocs/ProgTWebLara/resources/views/home.blade.php</file>
            <file>file:/C:/xampp/htdocs/ProgTWebLara/routes/web.php</file>
        </group>
    </open-files>
</project-private>
